[
    {
        "name": "Xman",
        "genre": "PG-13",
        "rating": 8,
        "language": "English"
      },
      {
        "name": "Batman",
        "genre": "PG-13",
        "rating": 10,
        "language": "English"
      },
      {
        "name": "Superman",
        "genre": "PG",
        "rating": 5,
        "language": "English"
      },
      {
        "name": "The Joker",
        "genre": "R",
        "rating": 8,
        "language": "English"
      },
      {
        "name": "Toy Story",
        "genre": "PG",
        "rating": 9,
        "language": "English"
      }
]